DateTime;Voltage/V;Current/A;Power Factor;Actual Consumption/W;Apparent Consumption/W
16/06/2020 09:59;227.3;0.000;0.00;0.0000;0.0000
16/06/2020 10:00;227.2;0.000;0.00;0.0000;0.0000
16/06/2020 10:01;227.1;0.000;0.00;0.0000;0.0000
16/06/2020 10:02;227.3;0.210;0.72;34.3678;47.7330
16/06/2020 10:03;227.5;0.257;0.82;47.9433;58.4675
16/06/2020 10:04;227.0;0.256;0.82;47.6518;58.1120
16/06/2020 10:05;227.2;0.252;0.82;46.9486;57.2544
16/06/2020 10:06;227.4;0.257;0.82;47.9223;58.4418
16/06/2020 10:07;227.3;0.258;0.82;48.0876;58.6434
16/06/2020 10:08;227.3;0.226;0.81;41.6095;51.3698
16/06/2020 10:09;227.4;0.220;0.81;40.5227;50.0280
16/06/2020 10:10;227.3;0.231;0.81;42.5301;52.5063
16/06/2020 10:11;227.4;0.223;0.81;41.0753;50.7102
16/06/2020 10:12;227.2;0.233;0.81;42.8795;52.9376
16/06/2020 10:13;227.0;0.222;0.81;40.8191;50.3940
16/06/2020 10:14;227.3;0.220;0.81;40.5049;50.0060
16/06/2020 10:15;227.2;0.233;0.81;42.8795;52.9376
16/06/2020 10:16;227.0;0.223;0.81;41.0030;50.6210
16/06/2020 10:17;227.0;0.221;0.81;40.6353;50.1670
16/06/2020 10:18;226.9;0.223;0.81;40.9849;50.5987
16/06/2020 10:19;227.0;0.219;0.81;40.2675;49.7130
16/06/2020 10:20;226.9;0.220;0.81;40.4336;49.9180
16/06/2020 10:21;226.8;0.223;0.81;40.9669;50.5764
16/06/2020 10:22;226.9;0.218;0.81;40.0660;49.4642
16/06/2020 10:23;226.7;0.215;0.81;39.4798;48.7405
16/06/2020 10:24;226.5;0.224;0.81;41.0962;50.7360
16/06/2020 10:25;226.4;0.218;0.81;39.9777;49.3552
16/06/2020 10:26;226.6;0.223;0.81;40.9308;50.5318
16/06/2020 10:27;226.6;0.224;0.81;41.1143;50.7584
16/06/2020 10:28;226.7;0.217;0.81;39.8471;49.1939
16/06/2020 10:29;226.4;0.227;0.81;41.6282;51.3928
16/06/2020 10:30;226.6;0.222;0.81;40.7472;50.3052
16/06/2020 10:31;226.5;0.222;0.81;40.7292;50.2830
16/06/2020 10:32;226.7;0.225;0.81;41.3161;51.0075
16/06/2020 10:33;226.4;0.220;0.81;40.3445;49.8080
16/06/2020 10:34;226.3;0.224;0.81;41.0599;50.6912
16/06/2020 10:35;226.3;0.230;0.81;42.1597;52.0490
16/06/2020 10:36;225.9;0.219;0.81;40.0724;49.4721
16/06/2020 10:37;226.1;0.220;0.81;40.2910;49.7420
16/06/2020 10:38;225.9;0.224;0.81;40.9873;50.6016
16/06/2020 10:39;226.2;0.218;0.81;39.9424;49.3116
16/06/2020 10:40;226.3;0.218;0.81;39.9601;49.3334
16/06/2020 10:41;226.1;0.219;0.81;40.1079;49.5159
16/06/2020 10:42;226.1;0.219;0.81;40.1079;49.5159
16/06/2020 10:43;226.1;0.220;0.81;40.2910;49.7420
16/06/2020 10:44;226.0;0.221;0.81;40.4563;49.9460
16/06/2020 10:45;226.1;0.226;0.81;41.3899;51.0986
16/06/2020 10:46;226.2;0.227;0.81;41.5914;51.3474
16/06/2020 10:47;226.1;0.221;0.81;40.4742;49.9681
16/06/2020 10:48;226.1;0.223;0.81;40.8404;50.4203
16/06/2020 10:49;226.0;0.224;0.81;41.0054;50.6240
16/06/2020 10:50;226.1;0.221;0.81;40.4742;49.9681
16/06/2020 10:51;226.3;0.229;0.81;41.9764;51.8227
16/06/2020 10:52;226.4;0.222;0.81;40.7112;50.2608
16/06/2020 10:53;226.2;0.223;0.81;40.8585;50.4426
16/06/2020 10:54;225.9;0.224;0.81;40.9873;50.6016
16/06/2020 10:55;226.1;0.224;0.81;41.0236;50.6464
16/06/2020 10:56;226.1;0.224;0.81;41.0236;50.6464
16/06/2020 10:57;226.3;0.228;0.81;41.7931;51.5964
16/06/2020 10:58;226.3;0.224;0.81;41.0599;50.6912
16/06/2020 10:59;226.0;0.222;0.81;40.6393;50.1720
16/06/2020 11:00;226.1;0.224;0.81;41.0236;50.6464
16/06/2020 11:01;225.8;0.223;0.81;40.7863;50.3534
16/06/2020 11:02;226.2;0.227;0.81;41.5914;51.3474
16/06/2020 11:03;226.4;0.222;0.81;40.7112;50.2608
16/06/2020 11:04;226.2;0.222;0.81;40.6753;50.2164
16/06/2020 11:05;226.2;0.228;0.81;41.7746;51.5736
16/06/2020 11:06;225.8;0.227;0.81;41.5178;51.2566
16/06/2020 11:07;226.0;0.227;0.81;41.5546;51.3020
16/06/2020 11:08;226.1;0.229;0.81;41.9393;51.7769
16/06/2020 11:09;225.9;0.226;0.81;41.3533;51.0534
16/06/2020 11:10;226.2;0.225;0.81;41.2249;50.8950
16/06/2020 11:11;226.0;0.228;0.81;41.7377;51.5280
16/06/2020 11:12;226.3;0.228;0.81;41.7931;51.5964
16/06/2020 11:13;226.2;0.231;0.81;42.3243;52.2522
16/06/2020 11:14;225.8;0.237;0.81;43.3468;53.5146
16/06/2020 11:15;226.0;0.248;0.82;45.9594;56.0480
16/06/2020 11:16;226.1;0.234;0.81;42.8550;52.9074
16/06/2020 11:17;226.0;0.256;0.82;47.4419;57.8560
16/06/2020 11:18;225.9;0.241;0.81;44.0979;54.4419
16/06/2020 11:19;226.1;0.241;0.81;44.1370;54.4901
16/06/2020 11:20;226.0;0.226;0.81;41.3716;51.0760
16/06/2020 11:21;225.9;0.244;0.82;45.1981;55.1196
16/06/2020 11:22;225.9;0.237;0.81;43.3660;53.5383
16/06/2020 11:23;226.0;0.248;0.82;45.9594;56.0480
16/06/2020 11:24;226.0;0.234;0.81;42.8360;52.8840
16/06/2020 11:25;226.2;0.217;0.80;39.2683;49.0854
16/06/2020 11:26;226.1;0.212;0.80;38.3466;47.9332
16/06/2020 11:27;226.2;0.216;0.80;39.0874;48.8592
16/06/2020 11:28;225.9;0.207;0.80;37.4090;46.7613
16/06/2020 11:29;226.4;0.207;0.80;37.4918;46.8648
16/06/2020 11:30;226.4;0.213;0.80;38.5786;48.2232
16/06/2020 11:31;226.1;0.232;0.81;42.4887;52.4552
16/06/2020 11:32;225.8;0.248;0.82;45.9187;55.9984
16/06/2020 11:33;225.8;0.233;0.81;42.6152;52.6114
16/06/2020 11:34;225.6;0.224;0.81;40.9329;50.5344
16/06/2020 11:35;225.8;0.218;0.80;39.3795;49.2244
16/06/2020 11:36;225.6;0.208;0.80;37.5398;46.9248
16/06/2020 11:37;225.9;0.213;0.80;38.4934;48.1167
16/06/2020 11:38;225.8;0.224;0.81;40.9692;50.5792
16/06/2020 11:39;226.0;0.218;0.80;39.4144;49.2680
16/06/2020 11:40;226.0;0.205;0.80;37.0640;46.3300
16/06/2020 11:41;225.9;0.217;0.80;39.2162;49.0203
16/06/2020 11:42;226.1;0.202;0.79;36.0810;45.6722
16/06/2020 11:43;226.1;0.199;0.79;35.5452;44.9939
16/06/2020 11:44;226.1;0.195;0.79;34.8307;44.0895
16/06/2020 11:45;225.7;0.212;0.80;38.2787;47.8484
16/06/2020 11:46;225.7;0.188;0.78;33.0966;42.4316
16/06/2020 11:47;225.8;0.191;0.78;33.6397;43.1278
16/06/2020 11:48;225.6;0.186;0.78;32.7300;41.9616
16/06/2020 11:49;225.5;0.179;0.78;31.4843;40.3645
16/06/2020 11:50;225.4;0.179;0.78;31.4703;40.3466
16/06/2020 11:51;225.6;0.181;0.78;31.8502;40.8336
16/06/2020 11:52;225.8;0.176;0.77;30.6004;39.7408
16/06/2020 11:53;225.5;0.173;0.77;30.0389;39.0115
16/06/2020 11:54;225.8;0.175;0.77;30.4266;39.5150
16/06/2020 11:55;225.6;0.166;0.77;28.8362;37.4496
16/06/2020 11:56;225.9;0.179;0.78;31.5402;40.4361
16/06/2020 11:57;225.9;0.195;0.79;34.7999;44.0505
16/06/2020 11:58;226.2;0.168;0.77;29.2612;38.0016
16/06/2020 11:59;226.2;0.178;0.78;31.4056;40.2636
16/06/2020 12:00;226.3;0.172;0.77;29.9712;38.9236
16/06/2020 12:01;226.2;0.175;0.77;30.4804;39.5850
16/06/2020 12:02;226.3;0.213;0.80;38.5615;48.2019
16/06/2020 12:03;226.3;0.206;0.79;36.8281;46.6178
16/06/2020 12:04;226.4;0.203;0.79;36.3078;45.9592
16/06/2020 12:05;226.0;0.203;0.79;36.2436;45.8780
16/06/2020 12:06;226.4;0.177;0.77;30.8561;40.0728
16/06/2020 12:07;226.0;0.186;0.78;32.7881;42.0360
16/06/2020 12:08;225.9;0.195;0.79;34.7999;44.0505
16/06/2020 12:09;226.2;0.194;0.78;34.2286;43.8828
16/06/2020 12:10;226.0;0.164;0.76;28.1686;37.0640
16/06/2020 12:11;225.8;0.194;0.79;34.6061;43.8052
16/06/2020 12:12;225.9;0.188;0.78;33.1260;42.4692
16/06/2020 12:13;226.0;0.185;0.78;32.6118;41.8100
16/06/2020 12:14;225.9;0.189;0.78;33.3022;42.6951
16/06/2020 12:15;226.0;0.183;0.78;32.2592;41.3580
16/06/2020 12:16;225.9;0.201;0.79;35.8707;45.4059
16/06/2020 12:17;225.8;0.198;0.79;35.3196;44.7084
16/06/2020 12:18;226.2;0.202;0.79;36.0970;45.6924
16/06/2020 12:19;226.3;0.177;0.77;30.8424;40.0551
16/06/2020 12:20;226.1;0.177;0.77;30.8152;40.0197
16/06/2020 12:21;226.3;0.194;0.78;34.2437;43.9022
16/06/2020 12:22;226.4;0.169;0.77;29.4614;38.2616
16/06/2020 12:23;226.1;0.190;0.78;33.5080;42.9590
16/06/2020 12:24;226.5;0.179;0.77;31.2185;40.5435
16/06/2020 12:25;226.7;0.170;0.77;29.6750;38.5390
16/06/2020 12:26;226.5;0.187;0.78;33.0373;42.3555
16/06/2020 12:27;226.3;0.158;0.76;27.1741;35.7554
16/06/2020 12:28;226.5;0.155;0.75;26.3306;35.1075
16/06/2020 12:29;226.8;0.136;0.73;22.5167;30.8448
16/06/2020 12:30;226.7;0.148;0.74;24.8282;33.5516
16/06/2020 12:31;226.6;0.166;0.76;28.5879;37.6156
16/06/2020 12:32;226.5;0.148;0.74;24.8063;33.5220
16/06/2020 12:33;226.6;0.159;0.75;27.0221;36.0294
16/06/2020 12:34;226.2;0.148;0.74;24.7734;33.4776
16/06/2020 12:35;226.4;0.135;0.67;20.4779;30.5640
16/06/2020 12:36;226.1;0.108;0.59;14.4071;24.4188
16/06/2020 12:37;226.7;0.107;0.59;14.3116;24.2569
16/06/2020 12:38;226.6;0.105;0.58;13.7999;23.7930
16/06/2020 12:39;226.5;0.122;0.65;17.9614;27.6330
16/06/2020 12:40;226.6;0.113;0.62;15.8756;25.6058
16/06/2020 12:41;226.4;0.117;0.63;16.6879;26.4888
16/06/2020 12:42;226.3;0.117;0.63;16.6806;26.4771
16/06/2020 12:43;226.5;0.107;0.58;14.0566;24.2355
16/06/2020 12:44;226.4;0.105;0.60;14.2632;23.7720
16/06/2020 12:45;226.4;0.103;0.59;13.7583;23.3192
16/06/2020 12:46;226.3;0.101;0.58;13.2567;22.8563
16/06/2020 12:47;225.9;0.109;0.59;14.5276;24.6231
16/06/2020 12:48;225.9;0.115;0.61;15.8469;25.9785
16/06/2020 12:49;226.0;0.108;0.59;14.4007;24.4080
16/06/2020 12:50;226.1;0.123;0.66;18.3548;27.8103
16/06/2020 12:51;226.2;0.113;0.67;17.1256;25.5606
16/06/2020 12:52;226.2;0.114;0.62;15.9878;25.7868
16/06/2020 12:53;226.3;0.114;0.63;16.2529;25.7982
16/06/2020 12:54;226.2;0.115;0.62;16.1281;26.0130
16/06/2020 12:55;226.4;0.110;0.61;15.1914;24.9040
16/06/2020 12:56;226.5;0.110;0.62;15.4473;24.9150
16/06/2020 12:57;226.5;0.109;0.62;15.3069;24.6885
16/06/2020 12:58;226.5;0.094;0.54;11.4971;21.2910
16/06/2020 12:59;226.5;0.091;0.55;11.3363;20.6115
16/06/2020 13:00;226.7;0.090;0.55;11.2217;20.4030
16/06/2020 13:01;226.7;0.093;0.55;11.5957;21.0831
16/06/2020 13:02;226.6;0.097;0.55;12.0891;21.9802
16/06/2020 13:03;226.3;0.110;0.58;14.4379;24.8930
16/06/2020 13:04;226.5;0.099;0.55;12.3329;22.4235
16/06/2020 13:05;226.4;0.097;0.55;12.0784;21.9608
16/06/2020 13:06;226.2;0.091;0.55;11.3213;20.5842
16/06/2020 13:07;226.5;0.090;0.55;11.2118;20.3850
16/06/2020 13:08;226.2;0.093;0.54;11.3598;21.0366
16/06/2020 13:09;226.4;0.091;0.54;11.1253;20.6024
16/06/2020 13:10;226.4;0.094;0.55;11.7049;21.2816
16/06/2020 13:11;226.0;0.090;0.55;11.1870;20.3400
16/06/2020 13:12;226.4;0.094;0.55;11.7049;21.2816
16/06/2020 13:13;226.6;0.077;0.44;7.6772;17.4482
16/06/2020 13:14;226.7;0.077;0.43;7.5060;17.4559
16/06/2020 13:15;225.7;0.077;0.44;7.6467;17.3789
16/06/2020 13:16;227.7;0.078;0.43;7.6371;17.7606
16/06/2020 13:17;228.4;0.080;0.44;8.0397;18.2720
16/06/2020 13:18;228.6;0.090;0.48;9.8755;20.5740
16/06/2020 13:19;228.9;0.081;0.45;8.3434;18.5409
16/06/2020 13:20;228.7;0.080;0.44;8.0502;18.2960
16/06/2020 13:21;228.8;0.078;0.43;7.6740;17.8464
16/06/2020 13:22;229.0;0.078;0.43;7.6807;17.8620
16/06/2020 13:23;229.2;0.078;0.43;7.6874;17.8776
16/06/2020 13:24;229.3;0.078;0.43;7.6907;17.8854
16/06/2020 13:25;229.0;0.080;0.44;8.0608;18.3200
16/06/2020 13:26;229.0;0.079;0.43;7.7791;18.0910
16/06/2020 13:27;229.1;0.078;0.43;7.6840;17.8698
16/06/2020 13:28;228.8;0.078;0.43;7.6740;17.8464
16/06/2020 13:29;229.0;0.077;0.43;7.5822;17.6330
16/06/2020 13:30;229.0;0.078;0.43;7.6807;17.8620
16/06/2020 13:31;228.9;0.078;0.43;7.6773;17.8542
16/06/2020 13:32;228.8;0.083;0.45;8.5457;18.9904
16/06/2020 13:33;228.6;0.092;0.49;10.3053;21.0312
16/06/2020 13:34;228.7;0.083;0.47;8.9216;18.9821
16/06/2020 13:35;229.1;0.084;0.47;9.0449;19.2444
16/06/2020 13:36;229.3;0.080;0.45;8.2548;18.3440
16/06/2020 13:37;228.4;0.078;0.43;7.6605;17.8152
16/06/2020 13:38;228.8;0.078;0.43;7.6740;17.8464
16/06/2020 13:39;228.8;0.078;0.43;7.6740;17.8464
16/06/2020 13:40;228.9;0.080;0.44;8.0573;18.3120
16/06/2020 13:41;229.4;0.078;0.43;7.6941;17.8932
16/06/2020 13:42;229.4;0.078;0.43;7.6941;17.8932
16/06/2020 13:43;229.3;0.078;0.43;7.6907;17.8854
16/06/2020 13:44;229.7;0.078;0.43;7.7041;17.9166
16/06/2020 13:45;229.1;0.077;0.43;7.5855;17.6407
16/06/2020 13:46;229.0;0.078;0.43;7.6807;17.8620
16/06/2020 13:47;228.8;0.082;0.45;8.4427;18.7616
16/06/2020 13:48;228.9;0.093;0.50;10.6439;21.2877
16/06/2020 13:49;229.4;0.083;0.46;8.7585;19.0402
16/06/2020 13:50;229.1;0.082;0.46;8.6417;18.7862
16/06/2020 13:51;229.4;0.078;0.43;7.6941;17.8932
16/06/2020 13:52;229.7;0.078;0.43;7.7041;17.9166
16/06/2020 13:53;229.3;0.078;0.43;7.6907;17.8854
16/06/2020 13:54;229.5;0.078;0.43;7.6974;17.9010
16/06/2020 13:55;229.8;0.138;0.59;18.7103;31.7124
16/06/2020 13:56;229.4;0.185;0.50;21.2195;42.4390
16/06/2020 13:57;229.9;0.038;0.01;0.0874;8.7362
16/06/2020 13:58;229.7;0.038;0.01;0.0873;8.7286
16/06/2020 13:59;229.5;0.038;0.01;0.0872;8.7210
16/06/2020 14:00;229.6;0.038;0.01;0.0872;8.7248
16/06/2020 14:01;229.1;0.038;0.01;0.0871;8.7058
16/06/2020 14:02;229.3;0.038;0.01;0.0871;8.7134
16/06/2020 14:03;229.1;0.038;0.01;0.0871;8.7058
16/06/2020 14:04;228.9;0.038;0.01;0.0870;8.6982
16/06/2020 14:05;228.6;0.038;0.01;0.0869;8.6868
16/06/2020 14:06;228.9;0.038;0.01;0.0870;8.6982
16/06/2020 14:07;228.5;0.038;0.01;0.0868;8.6830
16/06/2020 14:08;228.2;0.038;0.01;0.0867;8.6716
16/06/2020 14:09;228.6;0.038;0.01;0.0869;8.6868
16/06/2020 14:10;228.7;0.038;0.01;0.0869;8.6906
16/06/2020 14:11;228.6;0.038;0.01;0.0869;8.6868
16/06/2020 14:12;228.8;0.038;0.01;0.0869;8.6944
16/06/2020 14:13;228.9;0.038;0.01;0.0870;8.6982
16/06/2020 14:14;228.9;0.038;0.01;0.0870;8.6982
16/06/2020 14:15;228.7;0.038;0.01;0.0869;8.6906
16/06/2020 14:16;228.9;0.038;0.01;0.0870;8.6982
16/06/2020 14:17;228.8;0.038;0.01;0.0869;8.6944
16/06/2020 14:18;229.1;0.038;0.01;0.0871;8.7058
16/06/2020 14:19;229.3;0.038;0.01;0.0871;8.7134
16/06/2020 14:20;229.2;0.038;0.01;0.0871;8.7096
16/06/2020 14:21;229.2;0.038;0.01;0.0871;8.7096
16/06/2020 14:22;229.2;0.038;0.01;0.0871;8.7096
16/06/2020 14:23;229.1;0.038;0.01;0.0871;8.7058
16/06/2020 14:24;228.7;0.038;0.01;0.0869;8.6906
16/06/2020 14:25;229.1;0.038;0.01;0.0871;8.7058
16/06/2020 14:26;229.3;0.038;0.01;0.0871;8.7134
16/06/2020 14:27;229.0;0.038;0.01;0.0870;8.7020
16/06/2020 14:28;229.4;0.038;0.01;0.0872;8.7172
16/06/2020 14:29;229.7;0.038;0.01;0.0873;8.7286
16/06/2020 14:30;230.1;0.038;0.01;0.0874;8.7438
16/06/2020 14:31;229.5;0.038;0.01;0.0872;8.7210
16/06/2020 14:32;229.6;0.038;0.01;0.0872;8.7248
16/06/2020 14:33;229.6;0.038;0.01;0.0872;8.7248
16/06/2020 14:34;229.5;0.038;0.01;0.0872;8.7210
16/06/2020 14:35;229.6;0.038;0.01;0.0872;8.7248
16/06/2020 14:36;229.9;0.038;0.01;0.0874;8.7362
16/06/2020 14:37;229.5;0.038;0.01;0.0872;8.7210
16/06/2020 14:38;229.6;0.038;0.00;0.0000;8.7248
16/06/2020 14:39;229.7;0.038;0.01;0.0873;8.7286
16/06/2020 14:40;229.4;0.038;0.01;0.0872;8.7172
16/06/2020 14:41;229.7;0.038;0.01;0.0873;8.7286
16/06/2020 14:42;229.5;0.038;0.01;0.0872;8.7210
16/06/2020 14:43;228.8;0.038;0.01;0.0869;8.6944
16/06/2020 14:44;228.8;0.038;0.01;0.0869;8.6944
16/06/2020 14:45;228.8;0.038;0.01;0.0869;8.6944
16/06/2020 14:46;228.4;0.038;0.01;0.0868;8.6792
16/06/2020 14:47;228.8;0.038;0.01;0.0869;8.6944
16/06/2020 14:48;229.3;0.038;0.01;0.0871;8.7134
16/06/2020 14:49;229.6;0.038;0.01;0.0872;8.7248
16/06/2020 14:50;229.8;0.038;0.01;0.0873;8.7324
16/06/2020 14:51;229.9;0.038;0.01;0.0874;8.7362
16/06/2020 14:52;229.8;0.038;0.01;0.0873;8.7324
16/06/2020 14:53;229.5;0.038;0.01;0.0872;8.7210
16/06/2020 14:54;229.3;0.038;0.01;0.0871;8.7134
16/06/2020 14:55;229.3;0.038;0.01;0.0871;8.7134
16/06/2020 14:56;229.0;0.038;0.01;0.0870;8.7020
16/06/2020 14:57;229.1;0.038;0.01;0.0871;8.7058
16/06/2020 14:58;229.0;0.038;0.01;0.0870;8.7020
16/06/2020 14:59;228.9;0.038;0.01;0.0870;8.6982
16/06/2020 15:00;229.3;0.038;0.01;0.0871;8.7134
16/06/2020 15:01;229.2;0.038;0.01;0.0871;8.7096
16/06/2020 15:02;228.9;0.038;0.01;0.0870;8.6982
16/06/2020 15:03;229.2;0.038;0.01;0.0871;8.7096
16/06/2020 15:04;229.5;0.038;0.01;0.0872;8.7210
16/06/2020 15:05;229.4;0.038;0.01;0.0872;8.7172
16/06/2020 15:06;229.2;0.038;0.01;0.0871;8.7096
16/06/2020 15:07;229.6;0.038;0.01;0.0872;8.7248
16/06/2020 15:08;229.9;0.038;0.01;0.0874;8.7362
16/06/2020 15:09;229.7;0.038;0.01;0.0873;8.7286
16/06/2020 15:10;229.8;0.038;0.01;0.0873;8.7324
16/06/2020 15:11;230.0;0.038;0.01;0.0874;8.7400
16/06/2020 15:12;229.8;0.038;0.01;0.0873;8.7324
16/06/2020 15:13;229.7;0.038;0.01;0.0873;8.7286
16/06/2020 15:14;229.8;0.038;0.01;0.0873;8.7324
16/06/2020 15:15;229.5;0.038;0.01;0.0872;8.7210
16/06/2020 15:16;229.2;0.038;0.01;0.0871;8.7096
16/06/2020 15:17;229.7;0.038;0.01;0.0873;8.7286
16/06/2020 15:18;229.9;0.038;0.01;0.0874;8.7362
16/06/2020 15:19;229.8;0.038;0.01;0.0873;8.7324
16/06/2020 15:20;229.5;0.038;0.01;0.0872;8.7210
16/06/2020 15:21;229.8;0.038;0.01;0.0873;8.7324
16/06/2020 15:22;229.7;0.038;0.01;0.0873;8.7286
16/06/2020 15:23;229.5;0.038;0.01;0.0872;8.7210
16/06/2020 15:24;229.6;0.038;0.01;0.0872;8.7248
16/06/2020 15:25;229.8;0.038;0.01;0.0873;8.7324
16/06/2020 15:26;229.7;0.038;0.01;0.0873;8.7286
16/06/2020 15:27;230.1;0.038;0.01;0.0874;8.7438
16/06/2020 15:28;230.1;0.038;0.01;0.0874;8.7438
16/06/2020 15:29;230.0;0.038;0.01;0.0874;8.7400
16/06/2020 15:30;230.0;0.038;0.01;0.0874;8.7400
16/06/2020 15:31;230.3;0.115;0.26;6.8860;26.4845
16/06/2020 15:32;230.3;0.325;0.85;63.6204;74.8475
16/06/2020 15:33;230.0;0.322;0.85;62.9510;74.0600
16/06/2020 15:34;229.5;0.322;0.85;62.8141;73.8990
16/06/2020 15:35;229.6;0.320;0.85;62.4512;73.4720
16/06/2020 15:36;229.9;0.319;0.85;62.3374;73.3381
16/06/2020 15:37;229.6;0.319;0.85;62.2560;73.2424
16/06/2020 15:38;229.7;0.321;0.85;62.6736;73.7337
16/06/2020 15:39;229.8;0.316;0.85;61.7243;72.6168
16/06/2020 15:40;230.0;0.319;0.85;62.3645;73.3700
16/06/2020 15:41;230.0;0.318;0.85;62.1690;73.1400
16/06/2020 15:42;230.1;0.320;0.85;62.5872;73.6320
16/06/2020 15:43;230.2;0.315;0.85;61.6360;72.5130
16/06/2020 15:44;230.2;0.318;0.85;62.2231;73.2036
16/06/2020 15:45;230.5;0.317;0.85;62.1082;73.0685
16/06/2020 15:46;230.4;0.318;0.85;62.2771;73.2672
16/06/2020 15:47;230.3;0.318;0.85;62.2501;73.2354
16/06/2020 15:48;230.3;0.317;0.85;62.0543;73.0051
16/06/2020 15:49;230.0;0.317;0.85;61.9735;72.9100
16/06/2020 15:50;230.0;0.315;0.85;61.5825;72.4500
16/06/2020 15:51;230.0;0.317;0.85;61.9735;72.9100
16/06/2020 15:52;230.0;0.316;0.85;61.7780;72.6800
16/06/2020 15:53;230.3;0.316;0.85;61.8586;72.7748
16/06/2020 15:54;230.2;0.315;0.85;61.6360;72.5130
16/06/2020 15:55;230.4;0.315;0.85;61.6896;72.5760
16/06/2020 15:56;230.6;0.317;0.85;62.1352;73.1002
16/06/2020 15:57;230.6;0.316;0.85;61.9392;72.8696
16/06/2020 15:58;230.6;0.318;0.85;62.3312;73.3308
16/06/2020 15:59;230.4;0.319;0.85;62.4730;73.4976
16/06/2020 16:00;230.3;0.319;0.85;62.4458;73.4657
16/06/2020 16:01;230.6;0.318;0.85;62.3312;73.3308
16/06/2020 16:02;231.0;0.318;0.85;62.4393;73.4580
16/06/2020 16:03;230.9;0.316;0.85;62.0197;72.9644
16/06/2020 16:04;230.9;0.315;0.85;61.8235;72.7335
16/06/2020 16:05;230.6;0.315;0.85;61.7431;72.6390
16/06/2020 16:06;230.6;0.314;0.85;61.5471;72.4084
16/06/2020 16:07;230.8;0.310;0.85;60.8158;71.5480
16/06/2020 16:08;230.4;0.309;0.85;60.5146;71.1936
16/06/2020 16:09;230.3;0.309;0.85;60.4883;71.1627
16/06/2020 16:10;230.4;0.311;0.85;60.9062;71.6544
16/06/2020 16:11;230.2;0.310;0.85;60.6577;71.3620
16/06/2020 16:12;230.0;0.310;0.85;60.6050;71.3000
16/06/2020 16:13;230.3;0.309;0.85;60.4883;71.1627
16/06/2020 16:14;230.6;0.310;0.85;60.7631;71.4860
16/06/2020 16:15;230.3;0.312;0.85;61.0756;71.8536
16/06/2020 16:16;230.2;0.314;0.85;61.4404;72.2828
16/06/2020 16:17;230.3;0.310;0.85;60.6840;71.3930
16/06/2020 16:18;230.9;0.309;0.85;60.6459;71.3481
16/06/2020 16:19;230.8;0.309;0.85;60.6196;71.3172
16/06/2020 16:20;230.5;0.315;0.85;61.7164;72.6075
16/06/2020 16:21;230.0;0.317;0.85;61.9735;72.9100
16/06/2020 16:22;230.2;0.269;0.83;51.3968;61.9238
16/06/2020 16:23;230.6;0.259;0.82;48.9748;59.7254
16/06/2020 16:24;230.9;0.265;0.82;50.1746;61.1885
16/06/2020 16:25;230.8;0.279;0.83;53.4464;64.3932
16/06/2020 16:26;230.9;0.278;0.83;53.2779;64.1902
16/06/2020 16:27;230.7;0.277;0.83;53.0402;63.9039
16/06/2020 16:28;230.7;0.252;0.82;47.6718;58.1364
16/06/2020 16:29;230.6;0.267;0.83;51.1033;61.5702
16/06/2020 16:30;230.2;0.266;0.83;50.8236;61.2332
16/06/2020 16:31;230.5;0.252;0.82;47.6305;58.0860
16/06/2020 16:32;230.1;0.265;0.82;50.0007;60.9765
16/06/2020 16:33;230.2;0.249;0.82;47.0022;57.3198
16/06/2020 16:34;230.1;0.267;0.82;50.3781;61.4367
16/06/2020 16:35;230.4;0.277;0.83;52.9713;63.8208
16/06/2020 16:36;230.5;0.276;0.83;52.8029;63.6180
16/06/2020 16:37;230.5;0.268;0.83;51.2724;61.7740
16/06/2020 16:38;230.5;0.271;0.83;51.8464;62.4655
16/06/2020 16:39;230.8;0.283;0.83;54.2126;65.3164
16/06/2020 16:40;230.9;0.250;0.82;47.3345;57.7250
16/06/2020 16:41;230.9;0.277;0.83;53.0862;63.9593
16/06/2020 16:42;230.7;0.273;0.83;52.2743;62.9811
16/06/2020 16:43;230.9;0.264;0.82;49.9852;60.9576
16/06/2020 16:44;230.7;0.242;0.81;45.2218;55.8294
16/06/2020 16:45;230.9;0.265;0.82;50.1746;61.1885
16/06/2020 16:46;230.9;0.261;0.82;49.4172;60.2649
16/06/2020 16:47;231.0;0.252;0.82;47.7338;58.2120
16/06/2020 16:48;230.5;0.236;0.81;44.0624;54.3980
16/06/2020 16:49;230.9;0.250;0.82;47.3345;57.7250
16/06/2020 16:50;230.8;0.261;0.82;49.3958;60.2388
16/06/2020 16:51;231.0;0.266;0.82;50.3857;61.4460
16/06/2020 16:52;231.3;0.263;0.82;49.8822;60.8319
16/06/2020 16:53;231.0;0.267;0.82;50.5751;61.6770
16/06/2020 16:54;230.9;0.239;0.81;44.6999;55.1851
16/06/2020 16:55;230.7;0.225;0.80;41.5260;51.9075
16/06/2020 16:56;230.5;0.230;0.81;42.9422;53.0150
16/06/2020 16:57;230.8;0.217;0.80;40.0669;50.0836
16/06/2020 16:58;230.9;0.230;0.80;42.4856;53.1070
16/06/2020 16:59;230.6;0.234;0.81;43.7079;53.9604
16/06/2020 17:00;231.0;0.242;0.81;45.2806;55.9020
16/06/2020 17:01;231.1;0.227;0.80;41.9678;52.4597
16/06/2020 17:02;230.9;0.227;0.80;41.9314;52.4143
16/06/2020 17:03;230.7;0.228;0.80;42.0797;52.5996
16/06/2020 17:04;230.6;0.222;0.80;40.9546;51.1932
16/06/2020 17:05;230.8;0.221;0.80;40.8054;51.0068
16/06/2020 17:06;229.9;0.199;0.79;36.1426;45.7501
16/06/2020 17:07;228.4;0.227;0.80;41.4774;51.8468
16/06/2020 17:08;228.1;0.210;0.79;37.8418;47.9010
16/06/2020 17:09;228.5;0.194;0.78;34.5766;44.3290
16/06/2020 17:10;228.2;0.209;0.79;37.6781;47.6938
16/06/2020 17:11;228.3;0.186;0.78;33.1218;42.4638
16/06/2020 17:12;228.2;0.185;0.78;32.9293;42.2170
16/06/2020 17:13;228.3;0.172;0.77;30.2361;39.2676
16/06/2020 17:14;228.0;0.171;0.77;30.0208;38.9880
16/06/2020 17:15;228.4;0.176;0.77;30.9528;40.1984
16/06/2020 17:16;228.4;0.202;0.79;36.4481;46.1368
16/06/2020 17:17;228.1;0.202;0.79;36.4002;46.0762
16/06/2020 17:18;228.7;0.202;0.79;36.4959;46.1974
16/06/2020 17:19;228.8;0.217;0.80;39.7197;49.6496
16/06/2020 17:20;228.8;0.201;0.79;36.3312;45.9888
16/06/2020 17:21;228.4;0.204;0.79;36.8089;46.5936
16/06/2020 17:22;228.7;0.211;0.80;38.6046;48.2557
16/06/2020 17:23;229.1;0.200;0.79;36.1978;45.8200
16/06/2020 17:24;228.7;0.197;0.79;35.5926;45.0539
16/06/2020 17:25;228.8;0.201;0.79;36.3312;45.9888
16/06/2020 17:26;228.6;0.202;0.79;36.4800;46.1772
16/06/2020 17:27;228.5;0.185;0.78;32.9725;42.2725
16/06/2020 17:28;228.3;0.185;0.78;32.9437;42.2355
16/06/2020 17:29;228.1;0.186;0.78;33.0927;42.4266
16/06/2020 17:30;228.6;0.195;0.78;34.7701;44.5770
16/06/2020 17:31;228.3;0.178;0.77;31.2908;40.6374
16/06/2020 17:32;228.1;0.176;0.77;30.9121;40.1456
16/06/2020 17:33;227.9;0.172;0.77;30.1831;39.1988
16/06/2020 17:34;228.0;0.181;0.77;31.7764;41.2680
16/06/2020 17:35;228.1;0.169;0.77;29.6827;38.5489
16/06/2020 17:36;228.1;0.163;0.76;28.2570;37.1803
16/06/2020 17:37;227.9;0.165;0.76;28.5787;37.6035
16/06/2020 17:38;228.4;0.170;0.77;29.8976;38.8280
16/06/2020 17:39;228.0;0.174;0.77;30.5474;39.6720
16/06/2020 17:40;228.1;0.175;0.77;30.7365;39.9175
16/06/2020 17:41;228.0;0.183;0.77;32.1275;41.7240
16/06/2020 17:42;227.9;0.171;0.77;30.0076;38.9709
16/06/2020 17:43;228.0;0.174;0.77;30.5474;39.6720
16/06/2020 17:44;227.8;0.183;0.78;32.5162;41.6874
16/06/2020 17:45;228.0;0.182;0.78;32.3669;41.4960
16/06/2020 17:46;228.0;0.162;0.76;28.0714;36.9360
16/06/2020 17:47;227.8;0.169;0.77;29.6436;38.4982
16/06/2020 17:48;227.7;0.203;0.79;36.5162;46.2231
16/06/2020 17:49;227.3;0.192;0.78;34.0404;43.6416
16/06/2020 17:50;227.4;0.158;0.76;27.3062;35.9292
16/06/2020 17:51;227.6;0.152;0.75;25.9464;34.5952
16/06/2020 17:52;227.9;0.157;0.75;26.8352;35.7803
16/06/2020 17:53;227.3;0.162;0.76;27.9852;36.8226
16/06/2020 17:54;227.8;0.162;0.76;28.0467;36.9036
16/06/2020 17:55;227.7;0.175;0.77;30.6826;39.8475
16/06/2020 17:56;228.0;0.184;0.78;32.7226;41.9520
16/06/2020 17:57;227.9;0.157;0.76;27.1930;35.7803
16/06/2020 17:58;227.9;0.167;0.76;28.9251;38.0593
16/06/2020 17:59;228.0;0.155;0.75;26.5050;35.3400
16/06/2020 18:00;227.6;0.144;0.73;23.9253;32.7744
16/06/2020 18:01;227.8;0.146;0.75;24.9441;33.2588
16/06/2020 18:02;227.7;0.152;0.75;25.9578;34.6104
16/06/2020 18:03;227.5;0.187;0.77;32.7577;42.5425
16/06/2020 18:04;228.0;0.213;0.80;38.8512;48.5640
16/06/2020 18:05;227.8;0.173;0.77;30.3452;39.4094
16/06/2020 18:06;227.8;0.142;0.73;23.6137;32.3476
16/06/2020 18:07;227.8;0.148;0.74;24.9487;33.7144
16/06/2020 18:08;228.1;0.137;0.72;22.4998;31.2497
16/06/2020 18:09;227.6;0.140;0.73;23.2607;31.8640
16/06/2020 18:10;227.7;0.138;0.73;22.9385;31.4226
16/06/2020 18:11;228.1;0.144;0.73;23.9779;32.8464
16/06/2020 18:12;227.8;0.147;0.74;24.7801;33.4866
16/06/2020 18:13;228.2;0.141;0.74;23.8104;32.1762
16/06/2020 18:14;228.2;0.139;0.73;23.1555;31.7198
16/06/2020 18:15;227.8;0.140;0.74;23.6001;31.8920
16/06/2020 18:16;228.1;0.139;0.73;23.1453;31.7059
16/06/2020 18:17;228.2;0.136;0.72;22.3453;31.0352
16/06/2020 18:18;228.1;0.138;0.73;22.9788;31.4778
16/06/2020 18:19;228.2;0.141;0.73;23.4886;32.1762
16/06/2020 18:20;228.1;0.139;0.73;23.1453;31.7059
16/06/2020 18:21;227.8;0.137;0.72;22.4702;31.2086
16/06/2020 18:22;228.0;0.149;0.74;25.1393;33.9720
16/06/2020 18:23;228.1;0.125;0.69;19.6736;28.5125
16/06/2020 18:24;228.0;0.122;0.68;18.9149;27.8160
16/06/2020 18:25;228.2;0.128;0.70;20.4467;29.2096
16/06/2020 18:26;228.3;0.135;0.72;22.1908;30.8205
16/06/2020 18:27;228.2;0.124;0.70;19.8078;28.2968
16/06/2020 18:28;228.4;0.124;0.68;19.2587;28.3216
16/06/2020 18:29;228.5;0.129;0.70;20.6335;29.4765
16/06/2020 18:30;228.5;0.127;0.69;20.0235;29.0195
16/06/2020 18:31;228.4;0.133;0.72;21.8716;30.3772
16/06/2020 18:32;228.4;0.132;0.71;21.4056;30.1488
16/06/2020 18:33;228.1;0.127;0.70;20.2781;28.9687
16/06/2020 18:34;228.0;0.118;0.67;18.0257;26.9040
16/06/2020 18:35;228.2;0.127;0.70;20.2870;28.9814
16/06/2020 18:36;228.1;0.123;0.68;19.0783;28.0563
16/06/2020 18:37;228.5;0.128;0.70;20.4736;29.2480
16/06/2020 18:38;228.5;0.126;0.69;19.8658;28.7910
16/06/2020 18:39;228.2;0.121;0.68;18.7763;27.6122
16/06/2020 18:40;228.2;0.127;0.69;19.9972;28.9814
16/06/2020 18:41;228.3;0.134;0.73;22.3323;30.5922
16/06/2020 18:42;228.1;0.127;0.69;19.9884;28.9687
16/06/2020 18:43;228.2;0.136;0.73;22.6557;31.0352
16/06/2020 18:44;228.5;0.123;0.69;19.3928;28.1055
16/06/2020 18:45;228.4;0.128;0.70;20.4646;29.2352
16/06/2020 18:46;228.4;0.131;0.72;21.5427;29.9204
16/06/2020 18:47;228.5;0.127;0.70;20.3136;29.0195
16/06/2020 18:48;228.3;0.132;0.71;21.3963;30.1356
16/06/2020 18:49;228.3;0.124;0.69;19.5333;28.3092
16/06/2020 18:50;228.0;0.126;0.70;20.1096;28.7280
16/06/2020 18:51;228.3;0.119;0.66;17.9307;27.1677
16/06/2020 18:52;228.1;0.132;0.71;21.3775;30.1092
16/06/2020 18:53;228.1;0.118;0.66;17.7644;26.9158
16/06/2020 18:54;228.3;0.132;0.72;21.6976;30.1356
16/06/2020 18:55;228.1;0.131;0.71;21.2156;29.8811
16/06/2020 18:56;228.2;0.129;0.70;20.6065;29.4378
16/06/2020 18:57;228.3;0.130;0.70;20.7753;29.6790
16/06/2020 18:58;228.3;0.124;0.69;19.5333;28.3092
16/06/2020 18:59;228.3;0.132;0.71;21.3963;30.1356
16/06/2020 19:00;228.4;0.147;0.71;23.8381;33.5748
16/06/2020 19:01;228.6;0.121;0.68;18.8092;27.6606
16/06/2020 19:02;228.1;0.131;0.70;20.9168;29.8811
16/06/2020 19:03;228.4;0.129;0.70;20.6245;29.4636
16/06/2020 19:04;228.3;0.127;0.70;20.2959;28.9941
16/06/2020 19:05;228.6;0.125;0.70;20.0025;28.5750
16/06/2020 19:06;228.8;0.126;0.70;20.1802;28.8288
16/06/2020 19:07;228.5;0.131;0.72;21.5521;29.9335
16/06/2020 19:08;228.6;0.125;0.71;20.2882;28.5750
16/06/2020 19:09;228.5;0.129;0.70;20.6335;29.4765
16/06/2020 19:10;229.1;0.125;0.70;20.0462;28.6375
16/06/2020 19:11;229.1;0.129;0.69;20.3922;29.5539
16/06/2020 19:12;228.9;0.121;0.67;18.5569;27.6969
16/06/2020 19:13;229.2;0.126;0.70;20.2154;28.8792
16/06/2020 19:14;229.1;0.127;0.70;20.3670;29.0957
16/06/2020 19:15;229.0;0.134;0.72;22.0939;30.6860
16/06/2020 19:16;228.5;0.127;0.70;20.3136;29.0195
16/06/2020 19:17;228.9;0.274;0.82;51.4293;62.7186
16/06/2020 19:18;228.8;0.257;0.82;48.2173;58.8016
16/06/2020 19:19;229.1;0.090;0.23;4.7424;20.6190
16/06/2020 19:20;228.7;0.038;0.01;0.0869;8.6906
16/06/2020 19:21;229.0;0.038;0.01;0.0870;8.7020
16/06/2020 19:22;228.9;0.038;0.01;0.0870;8.6982
16/06/2020 19:23;229.1;0.038;0.01;0.0871;8.7058
16/06/2020 19:24;228.8;0.038;0.01;0.0869;8.6944
16/06/2020 19:25;229.2;0.038;0.01;0.0871;8.7096
16/06/2020 19:26;229.2;0.038;0.01;0.0871;8.7096
16/06/2020 19:27;228.6;0.038;0.01;0.0869;8.6868
16/06/2020 19:28;228.7;0.038;0.01;0.0869;8.6906
16/06/2020 19:29;228.5;0.038;0.01;0.0868;8.6830
16/06/2020 19:30;228.6;0.038;0.01;0.0869;8.6868
16/06/2020 19:31;228.5;0.038;0.01;0.0868;8.6830
16/06/2020 19:32;228.3;0.038;0.01;0.0868;8.6754
16/06/2020 19:33;228.7;0.038;0.01;0.0869;8.6906
16/06/2020 19:34;228.6;0.038;0.01;0.0869;8.6868
16/06/2020 19:35;228.1;0.038;0.01;0.0867;8.6678
16/06/2020 19:36;228.5;0.038;0.01;0.0868;8.6830
16/06/2020 19:37;228.4;0.038;0.01;0.0868;8.6792
16/06/2020 19:38;228.3;0.038;0.01;0.0868;8.6754
16/06/2020 19:39;228.4;0.038;0.01;0.0868;8.6792
16/06/2020 19:40;228.1;0.038;0.01;0.0867;8.6678
16/06/2020 19:41;228.0;0.038;0.01;0.0866;8.6640
16/06/2020 19:42;228.3;0.038;0.01;0.0868;8.6754
16/06/2020 19:43;228.1;0.038;0.01;0.0867;8.6678
16/06/2020 19:44;228.4;0.037;0.01;0.0845;8.4508
16/06/2020 19:46;228.7;0.038;0.01;0.0869;8.6906
16/06/2020 19:47;228.8;0.038;0.01;0.0869;8.6944
16/06/2020 19:48;228.7;0.038;0.01;0.0869;8.6906
16/06/2020 19:49;228.5;0.038;0.01;0.0868;8.6830
16/06/2020 19:50;228.7;0.038;0.01;0.0869;8.6906
16/06/2020 19:51;228.4;0.038;0.01;0.0868;8.6792
16/06/2020 19:52;228.4;0.038;0.01;0.0868;8.6792
16/06/2020 19:53;228.7;0.038;0.01;0.0869;8.6906
16/06/2020 19:54;228.4;0.038;0.01;0.0868;8.6792
16/06/2020 19:55;228.5;0.038;0.01;0.0868;8.6830
16/06/2020 19:56;229.3;0.038;0.01;0.0871;8.7134
16/06/2020 19:57;228.8;0.038;0.01;0.0869;8.6944
16/06/2020 19:58;229.3;0.038;0.01;0.0871;8.7134
16/06/2020 19:59;229.4;0.038;0.01;0.0872;8.7172
16/06/2020 20:00;228.8;0.038;0.01;0.0869;8.6944
16/06/2020 20:01;229.1;0.038;0.01;0.0871;8.7058
16/06/2020 20:02;229.3;0.038;0.01;0.0871;8.7134
16/06/2020 20:03;229.1;0.038;0.01;0.0871;8.7058
16/06/2020 20:04;229.0;0.038;0.01;0.0870;8.7020
16/06/2020 20:05;229.1;0.038;0.01;0.0871;8.7058
16/06/2020 20:06;229.1;0.038;0.01;0.0871;8.7058
16/06/2020 20:07;229.3;0.038;0.01;0.0871;8.7134
16/06/2020 20:08;229.4;0.038;0.01;0.0872;8.7172
16/06/2020 20:09;229.4;0.038;0.01;0.0872;8.7172
16/06/2020 20:10;229.2;0.038;0.01;0.0871;8.7096
16/06/2020 20:11;229.2;0.038;0.01;0.0871;8.7096
16/06/2020 20:12;229.6;0.038;0.01;0.0872;8.7248
16/06/2020 20:13;229.5;0.038;0.01;0.0872;8.7210
16/06/2020 20:14;229.4;0.038;0.01;0.0872;8.7172
16/06/2020 20:15;229.8;0.038;0.01;0.0873;8.7324
16/06/2020 20:16;229.8;0.038;0.01;0.0873;8.7324
16/06/2020 20:17;229.9;0.038;0.01;0.0874;8.7362
16/06/2020 20:18;230.1;0.038;0.01;0.0874;8.7438
16/06/2020 20:19;229.5;0.038;0.01;0.0872;8.7210
16/06/2020 20:20;229.6;0.038;0.01;0.0872;8.7248
16/06/2020 20:21;229.5;0.038;0.01;0.0872;8.7210
16/06/2020 20:22;229.5;0.038;0.01;0.0872;8.7210
16/06/2020 20:23;229.7;0.038;0.01;0.0873;8.7286
16/06/2020 20:24;229.7;0.038;0.01;0.0873;8.7286
16/06/2020 20:25;229.6;0.038;0.01;0.0872;8.7248
16/06/2020 20:26;229.6;0.038;0.01;0.0872;8.7248
16/06/2020 20:27;229.3;0.038;0.01;0.0871;8.7134
16/06/2020 20:28;229.6;0.038;0.01;0.0872;8.7248
16/06/2020 20:29;229.7;0.038;0.01;0.0873;8.7286
16/06/2020 20:30;229.5;0.038;0.01;0.0872;8.7210
16/06/2020 20:31;229.4;0.038;0.01;0.0872;8.7172
16/06/2020 20:32;229.6;0.038;0.01;0.0872;8.7248
16/06/2020 20:33;229.5;0.038;0.01;0.0872;8.7210
16/06/2020 20:34;229.3;0.038;0.01;0.0871;8.7134
16/06/2020 20:35;229.3;0.038;0.01;0.0871;8.7134
16/06/2020 20:36;229.2;0.038;0.01;0.0871;8.7096
16/06/2020 20:37;229.6;0.038;0.01;0.0872;8.7248
16/06/2020 20:38;229.8;0.038;0.01;0.0873;8.7324
16/06/2020 20:39;229.7;0.038;0.01;0.0873;8.7286
16/06/2020 20:40;230.0;0.038;0.01;0.0874;8.7400
16/06/2020 20:41;230.0;0.038;0.01;0.0874;8.7400
16/06/2020 20:42;229.9;0.038;0.01;0.0874;8.7362
16/06/2020 20:43;229.7;0.038;0.01;0.0873;8.7286
16/06/2020 20:44;229.7;0.038;0.01;0.0873;8.7286
16/06/2020 20:45;229.2;0.038;0.01;0.0871;8.7096
16/06/2020 20:46;229.1;0.038;0.01;0.0871;8.7058
16/06/2020 20:47;229.0;0.038;0.01;0.0870;8.7020
16/06/2020 20:48;228.8;0.038;0.01;0.0869;8.6944
16/06/2020 20:49;228.8;0.038;0.01;0.0869;8.6944
16/06/2020 20:50;228.7;0.038;0.01;0.0869;8.6906
16/06/2020 20:51;228.5;0.038;0.01;0.0868;8.6830
16/06/2020 20:52;228.3;0.038;0.01;0.0868;8.6754
16/06/2020 20:53;228.3;0.038;0.01;0.0868;8.6754
16/06/2020 20:54;228.4;0.038;0.01;0.0868;8.6792
16/06/2020 20:55;228.4;0.038;0.01;0.0868;8.6792
16/06/2020 20:56;228.4;0.038;0.01;0.0868;8.6792
16/06/2020 20:57;228.6;0.038;0.01;0.0869;8.6868
16/06/2020 20:58;228.6;0.038;0.01;0.0869;8.6868
16/06/2020 20:59;228.9;0.038;0.01;0.0870;8.6982
16/06/2020 21:00;228.7;0.038;0.01;0.0869;8.6906
16/06/2020 21:01;228.2;0.038;0.01;0.0867;8.6716
16/06/2020 21:02;228.5;0.038;0.01;0.0868;8.6830
16/06/2020 21:03;228.4;0.038;0.01;0.0868;8.6792
16/06/2020 21:04;228.8;0.038;0.01;0.0869;8.6944
16/06/2020 21:05;228.8;0.038;0.01;0.0869;8.6944
16/06/2020 21:06;228.7;0.038;0.01;0.0869;8.6906
16/06/2020 21:07;228.9;0.038;0.01;0.0870;8.6982
16/06/2020 21:08;228.8;0.038;0.01;0.0869;8.6944
16/06/2020 21:09;228.5;0.038;0.01;0.0868;8.6830
16/06/2020 21:10;228.1;0.038;0.01;0.0867;8.6678
16/06/2020 21:11;228.2;0.037;0.01;0.0844;8.4434
16/06/2020 21:12;228.2;0.038;0.01;0.0867;8.6716
16/06/2020 21:13;228.2;0.038;0.01;0.0867;8.6716
16/06/2020 21:14;228.2;0.038;0.01;0.0867;8.6716
16/06/2020 21:15;228.3;0.038;0.01;0.0868;8.6754
16/06/2020 21:16;228.8;0.038;0.01;0.0869;8.6944
16/06/2020 21:17;229.0;0.038;0.01;0.0870;8.7020
16/06/2020 21:18;229.0;0.038;0.01;0.0870;8.7020
16/06/2020 21:19;229.0;0.038;0.01;0.0870;8.7020
16/06/2020 21:20;228.9;0.038;0.01;0.0870;8.6982
16/06/2020 21:21;228.5;0.038;0.01;0.0868;8.6830
16/06/2020 21:22;228.6;0.038;0.00;0.0000;8.6868
16/06/2020 21:23;228.8;0.038;0.01;0.0869;8.6944
16/06/2020 21:24;228.7;0.038;0.01;0.0869;8.6906
16/06/2020 21:25;228.8;0.038;0.01;0.0869;8.6944
16/06/2020 21:26;228.8;0.038;0.01;0.0869;8.6944
16/06/2020 21:27;228.9;0.038;0.01;0.0870;8.6982
16/06/2020 21:28;228.5;0.038;0.01;0.0868;8.6830
16/06/2020 21:29;228.5;0.038;0.01;0.0868;8.6830
16/06/2020 21:30;228.6;0.038;0.01;0.0869;8.6868
16/06/2020 21:31;229.0;0.038;0.01;0.0870;8.7020
16/06/2020 21:32;229.0;0.038;0.01;0.0870;8.7020
16/06/2020 21:33;229.0;0.038;0.01;0.0870;8.7020
16/06/2020 21:34;228.9;0.038;0.01;0.0870;8.6982
16/06/2020 21:35;228.9;0.038;0.01;0.0870;8.6982
16/06/2020 21:36;228.7;0.038;0.01;0.0869;8.6906
16/06/2020 21:37;228.6;0.038;0.01;0.0869;8.6868
16/06/2020 21:38;228.9;0.038;0.01;0.0870;8.6982
16/06/2020 21:39;228.7;0.038;0.01;0.0869;8.6906
16/06/2020 21:40;228.6;0.223;0.57;29.0573;50.9778
16/06/2020 21:41;228.6;0.260;0.82;48.7375;59.4360
16/06/2020 21:42;228.7;0.227;0.80;41.5319;51.9149
16/06/2020 21:43;228.8;0.233;0.80;42.6483;53.3104
16/06/2020 21:44;228.8;0.219;0.80;40.0858;50.1072
16/06/2020 21:45;228.6;0.227;0.80;41.5138;51.8922
16/06/2020 21:46;228.1;0.225;0.80;41.0580;51.3225
16/06/2020 21:47;228.0;0.210;0.80;38.3040;47.8800
16/06/2020 21:48;228.2;0.232;0.80;42.3539;52.9424
16/06/2020 21:49;228.2;0.234;0.81;43.2530;53.3988
16/06/2020 21:50;228.1;0.226;0.80;41.2405;51.5506
16/06/2020 21:51;228.2;0.233;0.81;43.0682;53.1706
16/06/2020 21:52;228.3;0.235;0.80;42.9204;53.6505
16/06/2020 21:53;228.6;0.238;0.81;44.0695;54.4068
16/06/2020 21:54;228.6;0.251;0.81;46.4767;57.3786
16/06/2020 21:55;228.7;0.244;0.81;45.2003;55.8028
16/06/2020 21:56;228.9;0.239;0.81;44.3128;54.7071
16/06/2020 21:57;229.1;0.241;0.81;44.7226;55.2131
16/06/2020 21:58;229.0;0.234;0.81;43.4047;53.5860
16/06/2020 21:59;228.9;0.265;0.82;49.7400;60.6585
16/06/2020 22:00;228.7;0.265;0.82;49.6965;60.6055
16/06/2020 22:01;228.6;0.228;0.80;41.6966;52.1208
16/06/2020 22:02;228.4;0.242;0.81;44.7710;55.2728
16/06/2020 22:03;228.6;0.237;0.81;43.8843;54.1782
16/06/2020 22:04;228.7;0.229;0.80;41.8978;52.3723
16/06/2020 22:05;228.8;0.244;0.81;45.2200;55.8272
16/06/2020 22:06;228.9;0.245;0.81;45.4252;56.0805
16/06/2020 22:07;228.9;0.238;0.81;44.1273;54.4782
16/06/2020 22:08;229.0;0.239;0.81;44.3321;54.7310
16/06/2020 22:09;229.2;0.233;0.80;42.7229;53.4036
16/06/2020 22:10;229.6;0.212;0.79;38.4534;48.6752
16/06/2020 22:11;229.7;0.209;0.79;37.9258;48.0073
16/06/2020 22:12;229.7;0.227;0.80;41.7135;52.1419
16/06/2020 22:13;229.8;0.224;0.80;41.1802;51.4752
16/06/2020 22:14;230.2;0.217;0.80;39.9627;49.9534
16/06/2020 22:15;230.2;0.218;0.80;40.1469;50.1836
16/06/2020 22:16;230.0;0.221;0.80;40.6640;50.8300
16/06/2020 22:17;230.1;0.223;0.80;41.0498;51.3123
16/06/2020 22:18;230.0;0.228;0.80;41.9520;52.4400
16/06/2020 22:19;229.8;0.214;0.80;39.3418;49.1772
16/06/2020 22:20;229.8;0.216;0.80;39.7094;49.6368
16/06/2020 22:21;229.9;0.215;0.80;39.5428;49.4285
16/06/2020 22:22;229.8;0.219;0.80;40.2610;50.3262
16/06/2020 22:23;229.5;0.220;0.80;40.3920;50.4900
16/06/2020 22:24;228.9;0.224;0.80;41.0189;51.2736
16/06/2020 22:25;228.9;0.217;0.80;39.7370;49.6713
16/06/2020 22:26;228.9;0.252;0.81;46.7231;57.6828
16/06/2020 22:27;228.5;0.255;0.82;47.7793;58.2675
16/06/2020 22:28;228.2;0.240;0.81;44.3621;54.7680
16/06/2020 22:29;228.3;0.246;0.81;45.4911;56.1618
16/06/2020 22:30;228.1;0.247;0.82;46.1994;56.3407
16/06/2020 22:31;227.6;0.227;0.81;41.8488;51.6652
16/06/2020 22:32;227.3;0.233;0.81;42.8983;52.9609
16/06/2020 22:33;227.3;0.241;0.81;44.3712;54.7793
16/06/2020 22:34;226.9;0.241;0.81;44.2931;54.6829
16/06/2020 22:35;226.7;0.230;0.81;42.2342;52.1410
16/06/2020 22:36;227.1;0.227;0.81;41.7569;51.5517
16/06/2020 22:37;227.0;0.230;0.81;42.2901;52.2100
16/06/2020 22:38;226.9;0.239;0.81;43.9256;54.2291
16/06/2020 22:39;227.2;0.215;0.80;39.0784;48.8480
16/06/2020 22:40;227.0;0.284;0.83;53.5084;64.4680
16/06/2020 22:41;227.7;0.227;0.81;41.8672;51.6879
16/06/2020 22:42;227.9;0.223;0.81;41.1656;50.8217
16/06/2020 22:43;227.5;0.221;0.81;40.7248;50.2775
16/06/2020 22:44;228.0;0.219;0.81;40.4449;49.9320
16/06/2020 22:45;227.8;0.222;0.81;40.9630;50.5716
16/06/2020 22:46;227.7;0.224;0.81;41.3139;51.0048
16/06/2020 22:47;227.9;0.231;0.81;42.6424;52.6449
16/06/2020 22:48;227.8;0.230;0.81;42.4391;52.3940
16/06/2020 22:49;228.2;0.245;0.81;45.2863;55.9090
16/06/2020 22:50;228.0;0.228;0.81;42.1070;51.9840
16/06/2020 22:51;227.9;0.230;0.81;42.4578;52.4170
16/06/2020 22:52;228.3;0.229;0.81;42.3474;52.2807
16/06/2020 22:53;228.1;0.234;0.81;43.2341;53.3754
16/06/2020 22:54;228.1;0.232;0.81;42.8646;52.9192
16/06/2020 22:55;227.9;0.219;0.80;39.9281;49.9101
16/06/2020 22:56;227.6;0.209;0.80;38.0547;47.5684
16/06/2020 22:57;228.3;0.197;0.79;35.5303;44.9751
16/06/2020 22:58;228.2;0.200;0.79;36.0556;45.6400
16/06/2020 22:59;228.0;0.209;0.79;37.6451;47.6520
16/06/2020 23:00;227.7;0.202;0.79;36.3364;45.9954
16/06/2020 23:01;227.4;0.211;0.80;38.3851;47.9814
16/06/2020 23:02;226.7;0.197;0.79;35.2813;44.6599
16/06/2020 23:03;226.5;0.208;0.79;37.2185;47.1120
16/06/2020 23:04;225.7;0.191;0.78;33.6248;43.1087
16/06/2020 23:05;225.2;0.207;0.79;36.8270;46.6164
16/06/2020 23:06;225.5;0.203;0.79;36.1634;45.7765
16/06/2020 23:07;225.5;0.192;0.78;33.7709;43.2960
16/06/2020 23:08;226.0;0.192;0.78;33.8458;43.3920
16/06/2020 23:09;226.0;0.201;0.79;35.8865;45.4260
16/06/2020 23:10;226.1;0.182;0.78;32.0972;41.1502
16/06/2020 23:11;225.9;0.162;0.77;28.1788;36.5958
16/06/2020 23:12;226.3;0.189;0.78;33.3611;42.7707
16/06/2020 23:13;226.8;0.169;0.77;29.5135;38.3292
16/06/2020 23:14;227.1;0.153;0.76;26.4072;34.7463
16/06/2020 23:15;227.3;0.160;0.76;27.6397;36.3680
16/06/2020 23:16;227.2;0.154;0.76;26.5915;34.9888
16/06/2020 23:17;227.5;0.158;0.76;27.3182;35.9450
16/06/2020 23:18;227.5;0.151;0.76;26.1079;34.3525
16/06/2020 23:19;227.4;0.166;0.76;28.6888;37.7484
16/06/2020 23:20;227.3;0.171;0.77;29.9286;38.8683
16/06/2020 23:21;227.3;0.174;0.77;30.4537;39.5502
16/06/2020 23:22;227.5;0.182;0.77;31.8819;41.4050
16/06/2020 23:23;227.4;0.192;0.77;33.6188;43.6608
16/06/2020 23:24;227.5;0.173;0.77;30.3053;39.3575
16/06/2020 23:25;227.3;0.179;0.77;31.3288;40.6867
16/06/2020 23:26;227.1;0.186;0.77;32.5253;42.2406
16/06/2020 23:27;227.2;0.191;0.78;33.8483;43.3952
16/06/2020 23:28;227.1;0.157;0.76;27.0976;35.6547
16/06/2020 23:29;226.9;0.160;0.76;27.5910;36.3040
16/06/2020 23:30;227.2;0.157;0.75;26.7528;35.6704
16/06/2020 23:31;226.8;0.163;0.76;28.0960;36.9684
16/06/2020 23:32;226.8;0.153;0.75;26.0253;34.7004
16/06/2020 23:33;228.1;0.143;0.75;24.4637;32.6183
16/06/2020 23:34;228.1;0.151;0.75;25.8323;34.4431
16/06/2020 23:35;228.0;0.153;0.75;26.1630;34.8840
16/06/2020 23:36;227.9;0.160;0.76;27.7126;36.4640
16/06/2020 23:37;227.9;0.142;0.75;24.2713;32.3618
16/06/2020 23:38;228.0;0.172;0.76;29.8042;39.2160
16/06/2020 23:39;228.0;0.147;0.75;25.1370;33.5160
16/06/2020 23:40;228.4;0.148;0.74;25.0144;33.8032
16/06/2020 23:41;228.3;0.135;0.74;22.8072;30.8205
16/06/2020 23:42;228.8;0.141;0.74;23.8730;32.2608
16/06/2020 23:43;228.5;0.148;0.74;25.0253;33.8180
16/06/2020 23:44;228.6;0.138;0.73;23.0292;31.5468
16/06/2020 23:45;228.9;0.144;0.74;24.3916;32.9616
16/06/2020 23:46;228.7;0.120;0.72;19.7597;27.4440
16/06/2020 23:47;228.8;0.121;0.72;19.9331;27.6848
16/06/2020 23:48;228.8;0.137;0.73;22.8823;31.3456
16/06/2020 23:49;228.9;0.124;0.72;20.4362;28.3836
16/06/2020 23:50;229.1;0.141;0.73;23.5813;32.3031
16/06/2020 23:51;229.0;0.154;0.74;26.0968;35.2660
16/06/2020 23:52;229.1;0.138;0.73;23.0795;31.6158
16/06/2020 23:53;229.3;0.136;0.73;22.7649;31.1848
16/06/2020 23:54;228.8;0.154;0.75;26.4264;35.2352
16/06/2020 23:55;229.1;0.134;0.73;22.4106;30.6994
16/06/2020 23:56;228.7;0.137;0.73;22.8723;31.3319
16/06/2020 23:57;228.5;0.135;0.74;22.8272;30.8475
16/06/2020 23:58;228.6;0.154;0.74;26.0513;35.2044
16/06/2020 23:59;228.8;0.141;0.73;23.5504;32.2608
17/06/2020 00:00;229.0;0.147;0.73;24.5740;33.6630
17/06/2020 00:01;228.3;0.123;0.72;20.2182;28.0809
17/06/2020 00:02;228.1;0.130;0.72;21.3502;29.6530
17/06/2020 00:03;228.4;0.130;0.72;21.3782;29.6920
17/06/2020 00:04;228.3;0.125;0.72;20.5470;28.5375
17/06/2020 00:05;229.2;0.129;0.70;20.6968;29.5668
17/06/2020 00:06;229.2;0.131;0.72;21.6181;30.0252
17/06/2020 00:07;229.3;0.111;0.70;17.8166;25.4523
17/06/2020 00:08;229.5;0.106;0.66;16.0558;24.3270
17/06/2020 00:09;229.5;0.097;0.56;12.4664;22.2615
17/06/2020 00:10;229.9;0.097;0.56;12.4882;22.3003
17/06/2020 00:11;230.2;0.102;0.56;13.1490;23.4804
17/06/2020 00:12;230.7;0.106;0.58;14.1834;24.4542
17/06/2020 00:13;230.8;0.109;0.60;15.0943;25.1572
17/06/2020 00:14;230.7;0.096;0.56;12.4024;22.1472
17/06/2020 00:15;230.8;0.101;0.55;12.8209;23.3108
17/06/2020 00:16;230.3;0.119;0.61;16.7175;27.4057
17/06/2020 00:17;230.3;0.115;0.59;15.6259;26.4845
17/06/2020 00:18;230.0;0.107;0.57;14.0277;24.6100
17/06/2020 00:19;230.4;0.105;0.57;13.7894;24.1920
